    t;         P1;         P2;         P3;         P4;         P5;         P6;         P7;         P8;
    1;        [1];        [2];        [3];        [4];        [5];        [6];
    2;        [1];        [2];        [3];        [4];        [5];        [6];
    3;        [1];        [2];        [3];        [4];        [5];        [6];
    4;        [1];        [2];        [3];        [4];        [5];        [6];
    5;        [1];        [2];        [3];        [4];        [5];        [6];
    6;        [1];        [2];        [3];        [4];        [5];        [6];
    7;        [1];        [2];        [3];        [4];        [5];        [6];
    8;        [1];        [2];        [3];        [4];        [5];        [6];
    9;        [1];        [2];        [3];        [4];        [5];        [6];
   10;        [1];        [2];        [3];        [4];        [5];        [6];
   11;        [1];        [2];        [3];        [4];        [5];        [6];
   12;        [1];        [2];        [3];        [4];        [5];        [6];
   13;        [1];        [2];        [3];        [4];        [5];        [6];
   14;        [1];        [2];        [3];        [4];        [5];        [6];
   15;        [1];        [2];        [3];        [4];        [5];        [6];
   16;        [1];        [2];        [3];        [4];        [5];        [6];
   17;        [1];        [2];        [3];        [4];        [5];        [6];
   18;        [1];        [2];        [3];        [4];        [5];        [6];
   19;        [1];        [2];        [3];        [4];        [5];        [6];
   20;        [1];        [2];        [3];        [4];        [5];        [6];
   21;        [1];        [2];        [3];        [4];        [5];        [6];
   22;        [1];        [2];        [3];        [4];        [5];        [6];
   23;        [1];        [2];        [3];        [4];        [5];        [6];
   24;        [1];        [2];        [3];        [4];        [5];        [6];
   25;        [1];        [2];        [3];        [4];        [5];        [6];
   26;        [1];        [2];        [3];        [4];        [5];        [6];
   27;        [1];        [2];        [3];        [4];        [5];        [6];
   28;        [1];        [2];        [3];        [4];        [5];        [6];
   29;        [1];        [2];        [3];        [4];        [5];        [6];
   30;        [1];        [2];        [3];        [4];        [5];        [6];
   31;        [1];        [2];        [3];        [4];        [5];        [6];
   32;        [1];        [2];        [3];        [4];        [5];        [6];
   33;        [1];        [2];        [3];        [4];        [5];        [6];
   34;        [1];        [2];        [3];        [4];        [5];        [6];
   35;        [1];        [2];        [3];        [4];        [5];        [6];
   36;        [1];        [2];        [3];        [4];        [5];        [6];
   37;        [1];        [2];        [3];        [4];        [5];        [6];
   38;        [1];        [2];        [3];        [4];        [5];        [6];
   39;        [1];        [2];        [3];        [4];        [5];        [6];
   40;        [1];        [2];        [3];        [4];        [5];        [6];
   41;        [1];        [2];        [3];        [4];        [5];        [6];
   42;        [7];        [8];        [9];       [10];       [11];       [12];
   43;        [7];        [8];        [9];       [10];       [11];       [12];
   44;        [7];        [8];        [9];       [10];       [11];       [12];
   45;        [7];        [8];        [9];       [10];       [11];       [12];
   46;        [7];        [8];        [9];       [10];       [11];       [12];
   47;        [7];        [8];        [9];       [10];       [11];       [12];
   48;        [7];        [8];        [9];       [10];       [11];       [12];
   49;        [7];        [8];        [9];       [10];       [11];       [12];
   50;        [7];        [8];        [9];       [10];       [11];       [12];
   51;        [7];        [8];        [9];       [10];       [11];       [12];
   52;        [7];        [8];        [9];       [10];       [11];       [12];
   53;        [7];        [8];        [9];       [10];       [11];       [12];
   54;        [7];        [8];        [9];       [10];       [11];       [12];
   55;        [7];        [8];        [9];       [10];       [11];       [12];
   56;        [7];        [8];        [9];       [10];       [11];       [12];
   57;        [7];        [8];        [9];       [10];       [11];       [12];
   58;        [7];        [8];        [9];       [10];       [11];       [12];
   59;        [7];        [8];        [9];       [10];       [11];       [12];
   60;        [7];        [8];        [9];       [10];       [11];       [12];
   61;        [7];        [8];        [9];       [10];       [11];       [12];
   62;        [7];        [8];        [9];       [10];       [11];       [12];
   63;        [7];        [8];        [9];       [10];       [11];       [12];
   64;        [7];        [8];        [9];       [10];       [11];       [12];
   65;        [7];        [8];        [9];       [10];       [11];       [12];
   66;        [7];        [8];        [9];       [10];       [11];       [12];
   67;        [7];        [8];        [9];       [10];       [11];       [12];
   68;        [7];        [8];        [9];       [10];       [11];       [12];
   69;        [7];        [8];        [9];       [10];       [11];       [12];
   70;        [7];        [8];        [9];       [10];       [11];       [12];
   71;        [7];        [8];        [9];       [10];       [11];       [12];
   72;        [7];        [8];        [9];       [10];       [11];       [12];
   73;        [7];        [8];        [9];       [10];       [11];       [12];
   74;        [7];        [8];        [9];       [10];       [11];       [12];
   75;        [7];        [8];        [9];       [10];       [11];       [12];
   76;        [7];        [8];        [9];       [10];       [11];       [12];
   77;        [7];        [8];        [9];       [10];       [11];       [12];
   78;        [7];        [8];        [9];       [10];       [11];       [12];
   79;        [7];        [8];        [9];       [10];       [11];       [12];
   80;        [7];        [8];        [9];       [10];       [11];       [12];
   81;        [7];        [8];        [9];       [10];       [11];       [12];
   82;        [7];        [8];        [9];       [10];       [11];       [12];
   83;       [13];       [14];       [15];       [16];           ;           ;
   84;       [13];       [14];       [15];       [16];           ;           ;
   85;       [13];       [14];       [15];       [16];           ;           ;
   86;       [13];       [14];       [15];       [16];           ;           ;
   87;       [13];       [14];       [15];       [16];           ;           ;
   88;       [13];       [14];       [15];       [16];           ;           ;
   89;       [13];       [14];       [15];       [16];           ;           ;
   90;       [13];       [14];       [15];       [16];           ;           ;
   91;       [13];       [14];       [15];       [16];           ;           ;
   92;       [13];       [14];       [15];       [16];           ;           ;
   93;       [13];       [14];       [15];       [16];           ;           ;
   94;       [13];       [14];       [15];       [16];           ;           ;
   95;       [13];       [14];       [15];       [16];           ;           ;
   96;       [13];       [14];       [15];       [16];           ;           ;
   97;       [13];       [14];       [15];       [16];           ;           ;
   98;       [13];       [14];       [15];       [16];           ;           ;
   99;       [13];       [14];       [15];       [16];           ;           ;
  100;       [13];       [14];       [15];       [16];           ;           ;
  101;       [13];       [14];       [15];       [16];           ;           ;
  102;       [13];       [14];       [15];       [16];           ;           ;
  103;       [13];       [14];       [15];       [16];           ;           ;
  104;       [13];       [14];       [15];       [16];           ;           ;
  105;       [13];       [14];       [15];       [16];           ;           ;
  106;       [13];       [14];       [15];       [16];           ;           ;
  107;       [13];       [14];       [15];       [16];           ;           ;
  108;       [13];       [14];       [15];       [16];           ;           ;
  109;       [13];       [14];       [15];       [16];           ;           ;
  110;       [13];       [14];       [15];       [16];           ;           ;
  111;       [13];       [14];       [15];       [16];           ;           ;
  112;       [13];       [14];       [15];       [16];           ;           ;
  113;       [13];       [14];       [15];       [16];           ;           ;
  114;       [13];       [14];       [15];       [16];           ;           ;
  115;       [13];       [14];       [15];       [16];           ;           ;
  116;       [13];       [14];       [15];       [16];           ;           ;
  117;       [13];       [14];       [15];       [16];           ;           ;
  118;       [13];       [14];       [15];       [16];           ;           ;
  119;       [13];       [14];       [15];       [16];           ;           ;
  120;       [13];       [14];       [15];       [16];           ;           ;
  121;       [13];       [14];       [15];       [16];           ;           ;
  122;  [13]/R[5];  [14]/R[6];       [15];       [16];      /S[5];      /S[6];
  123;  [13]/R[5];  [14]/R[6];       [15];       [16];      /S[5];      /S[6];
  124;      /S[7];      /S[8];      /R[7];      /R[8];           ;           ;
  125;      /S[7];      /S[8];      /R[7];      /R[8];           ;           ;
  126;       [17];       [18];     /R[11];     /R[12];     /S[11];     /S[12];
  127;       [17];       [18];     /R[11];     /R[12];     /S[11];     /S[12];
  128;       [17];       [18];  [19]/S[9]; [20]/S[10];           ;           ;
  129;       [17];       [18];  [19]/S[9]; [20]/S[10];           ;           ;
  130;       [17];       [18];       [19];       [20];           ;           ;
  131; [17]/S[13];       [18];       [19];       [20];     /R[13];           ;
  132; [17]/S[13];       [18];       [19];       [20];     /R[13];           ;
  133;       [17]; [18]/S[14];       [19];       [20];     /R[14];           ;
  134;       [17]; [18]/S[14];       [19];       [20];     /R[14];           ;
  135;       [17];       [18]; [19]/S[15];       [20];     /R[15];           ;
  136;       [17];       [18]; [19]/S[15];       [20];     /R[15];           ;
  137;       [17];       [18];       [19]; [20]/S[16];     /R[16];           ;
  138;       [17];       [18];       [19];       [20];       [21];           ;
  139;       [17];       [18];       [19];       [20];       [21];           ;
  140;       [17];       [18];       [19];       [20];       [21];           ;
  141;           ;           ;       [19];       [20];       [21];           ;
  142;           ;           ;       [19];       [20];       [21];           ;
  143;           ;           ;           ;           ;       [21];           ;
  144;           ;           ;           ;           ;       [21];           ;
  145;           ;           ;           ;           ;       [21];           ;
  146;           ;           ;           ;           ;       [21];           ;
  147;           ;           ;           ;           ;       [21];           ;
  148;           ;           ;           ;           ;       [21];           ;
  149;           ;           ;           ;           ;       [21];           ;
  150;           ;           ;           ;           ;       [21];           ;
  151;     /S[17];           ;     /S[19];           ; [21]/R[17];     /R[19];
  152;     /S[17];     /S[18];     /S[19];     /R[18]; [21]/R[17];     /R[19];
  153;           ;     /S[18];     /S[19];     /R[18];       [22];     /R[19];
  154;     /R[20];           ;           ;     /S[20]; [22]/S[21];     /R[21];
  155;     /R[20];           ;           ; [23]/S[20];       [22];       [24];
  156;     /R[20];           ;           ; [23]/S[20];       [22];       [24];
  157;     /R[21];           ;           ;       [23];     /S[21];       [24];
  158;     /R[21];           ;           ;       [23];     /S[21];       [24];
  159;       [25];           ;           ;           ;           ;           ;
  160;       [25];           ;           ;           ;           ;           ;
  161;       [25];           ;           ;           ;           ;           ;
  162;       [25];           ;           ;           ;           ;           ;
  163;           ;           ;           ;           ;           ;           ;
  164;           ;           ;           ;           ;           ;           ;
  165;           ;           ;           ;           ;           ;           ;
  166;           ;           ;           ;           ;           ;           ;
  167;           ;           ;           ;           ;           ;           ;
  168;           ;           ;           ;           ;           ;           ;
  169;           ;           ;           ;           ;           ;           ;
  170;           ;           ;           ;           ;           ;           ;
  171;           ;           ;           ;           ;           ;           ;
  172;           ;           ;           ;           ;           ;           ;
  173;           ;           ;           ;           ;           ;           ;
  174;           ;           ;           ;           ;           ;           ;
  175;           ;           ;           ;           ;           ;           ;
  176;           ;           ;           ;           ;           ;           ;
  177;           ;           ;           ;           ;           ;           ;
  178;           ;           ;           ;           ;           ;           ;
  179;           ;           ;           ;           ;           ;           ;
  180;           ;           ;           ;           ;           ;           ;
  181;           ;           ;           ;           ;           ;           ;
  182;           ;           ;           ;           ;           ;           ;
  183;           ;           ;           ;           ;           ;           ;
  184;           ;           ;           ;           ;           ;           ;
  185;           ;           ;           ;           ;           ;           ;
  186;           ;           ;           ;           ;           ;           ;
  187;           ;           ;           ;           ;           ;           ;
  188;           ;           ;           ;           ;           ;           ;
  189;           ;           ;           ;           ;           ;           ;
  190;           ;           ;           ;           ;           ;           ;
  191;           ;           ;           ;           ;           ;           ;
  192;           ;           ;           ;           ;           ;           ;
  193;           ;           ;           ;           ;           ;           ;
  194;           ;           ;           ;           ;           ;           ;
  195;           ;           ;           ;           ;           ;           ;
  196;           ;           ;           ;           ;           ;           ;
  197;           ;           ;           ;           ;           ;           ;
  198;           ;           ;           ;           ;           ;           ;
  199;           ;           ;           ;           ;           ;           ;
  200;           ;           ;           ;           ;           ;           ;
  201;           ;           ;           ;           ;           ;           ;
  202;           ;           ;           ;           ;           ;           ;
  203;           ;           ;           ;           ;           ;           ;
  204;           ;           ;           ;           ;           ;           ;
  205;           ;           ;           ;           ;           ;           ;
  206;           ;           ;           ;           ;           ;           ;
  207;           ;           ;           ;           ;           ;           ;
  208;           ;           ;           ;           ;           ;           ;
  209;           ;           ;           ;           ;           ;           ;
  210;           ;           ;           ;           ;           ;           ;
  211;           ;           ;           ;           ;           ;           ;
  212;           ;           ;           ;           ;           ;           ;
  213;           ;           ;           ;           ;           ;           ;
  214;           ;           ;           ;           ;           ;           ;
  215;           ;           ;           ;           ;           ;           ;
  216;           ;           ;           ;           ;           ;           ;
  217;           ;           ;           ;           ;           ;           ;
  218;           ;           ;           ;           ;           ;           ;
  219;           ;           ;           ;           ;           ;           ;
  220;           ;           ;           ;           ;           ;           ;
  221;           ;           ;           ;           ;           ;           ;
  222;           ;           ;           ;           ;           ;           ;
  223;           ;           ;           ;           ;           ;           ;
  224;           ;           ;           ;           ;           ;           ;
  225;           ;           ;           ;           ;           ;           ;
  226;           ;           ;           ;           ;           ;           ;
  227;           ;           ;           ;           ;           ;           ;
  228;           ;           ;           ;           ;           ;           ;
  229;           ;           ;           ;           ;           ;           ;
  230;           ;           ;           ;           ;           ;           ;
  231;           ;           ;           ;           ;           ;           ;
  232;           ;           ;           ;           ;           ;           ;
  233;           ;           ;           ;           ;           ;           ;
  234;           ;           ;           ;           ;           ;           ;
  235;           ;           ;           ;           ;           ;           ;
  236;           ;           ;           ;           ;           ;           ;
  237;           ;           ;           ;           ;           ;           ;
  238;           ;           ;           ;           ;           ;           ;
  239;           ;           ;           ;           ;           ;           ;
  240;           ;           ;           ;           ;           ;           ;
  241;           ;           ;           ;           ;           ;           ;
  242;           ;           ;           ;           ;           ;           ;
  243;           ;           ;           ;           ;           ;           ;
  244;           ;           ;           ;           ;           ;           ;
  245;           ;           ;           ;           ;           ;           ;
  246;           ;           ;           ;           ;           ;           ;
  247;           ;           ;           ;           ;           ;           ;
  248;           ;           ;           ;           ;           ;           ;
  249;           ;           ;           ;           ;           ;           ;
  250;           ;           ;           ;           ;           ;           ;
  251;           ;           ;           ;           ;           ;           ;
  252;           ;           ;           ;           ;           ;           ;
  253;           ;           ;           ;           ;           ;           ;
  254;           ;           ;           ;           ;           ;           ;
  255;           ;           ;           ;           ;           ;           ;
  256;           ;           ;           ;           ;           ;           ;
  257;           ;           ;           ;           ;           ;           ;
  258;           ;           ;           ;           ;           ;           ;
  259;           ;           ;           ;           ;           ;           ;
  260;           ;           ;           ;           ;           ;           ;
  261;           ;           ;           ;           ;           ;           ;
  262;           ;           ;           ;           ;           ;           ;
  263;           ;           ;           ;           ;           ;           ;
  264;           ;           ;           ;           ;           ;           ;
  265;           ;           ;           ;           ;           ;           ;
  266;           ;           ;           ;           ;           ;           ;
  267;           ;           ;           ;           ;           ;           ;
  268;           ;           ;           ;           ;           ;           ;
  269;           ;           ;           ;           ;           ;           ;
  270;           ;           ;           ;           ;           ;           ;
  271;           ;           ;           ;           ;           ;           ;
  272;           ;           ;           ;           ;           ;           ;
  273;           ;           ;           ;           ;           ;           ;
  274;           ;           ;           ;           ;           ;           ;
  275;           ;           ;           ;           ;           ;           ;
  276;           ;           ;           ;           ;           ;           ;
  277;           ;           ;           ;           ;           ;           ;
  278;           ;           ;           ;           ;           ;           ;
  279;           ;           ;           ;           ;           ;           ;
  280;           ;           ;           ;           ;           ;           ;
  281;           ;           ;           ;           ;           ;           ;
  282;           ;           ;           ;           ;           ;           ;
  283;           ;           ;           ;           ;           ;           ;
  284;           ;           ;           ;           ;           ;           ;
  285;           ;           ;           ;           ;           ;           ;
  286;           ;           ;           ;           ;           ;           ;
  287;           ;           ;           ;           ;           ;           ;
  288;           ;           ;           ;           ;           ;           ;
  289;           ;           ;           ;           ;           ;           ;
  290;           ;           ;           ;           ;           ;           ;
  291;           ;           ;           ;           ;           ;           ;
  292;           ;           ;           ;           ;           ;           ;
  293;           ;           ;           ;           ;           ;           ;
  294;           ;           ;           ;           ;           ;           ;
  295;           ;           ;           ;           ;           ;           ;
  296;           ;           ;           ;           ;           ;           ;
  297;           ;           ;           ;           ;           ;           ;
  298;           ;           ;           ;           ;           ;           ;
  299;           ;           ;           ;           ;           ;           ;
  300;           ;           ;           ;           ;           ;           ;
  301;           ;           ;           ;           ;           ;           ;
  302;           ;           ;           ;           ;           ;           ;
  303;           ;           ;           ;           ;           ;           ;
  304;           ;           ;           ;           ;           ;           ;
  305;           ;           ;           ;           ;           ;           ;
  306;           ;           ;           ;           ;           ;           ;
  307;           ;           ;           ;           ;           ;           ;
  308;           ;           ;           ;           ;           ;           ;
  309;           ;           ;           ;           ;           ;           ;
  310;           ;           ;           ;           ;           ;           ;
  311;           ;           ;           ;           ;           ;           ;
  312;           ;           ;           ;           ;           ;           ;
  313;           ;           ;           ;           ;           ;           ;
  314;           ;           ;           ;           ;           ;           ;
  315;           ;           ;           ;           ;           ;           ;
  316;           ;           ;           ;           ;           ;           ;
  317;           ;           ;           ;           ;           ;           ;
  318;           ;           ;           ;           ;           ;           ;
  319;           ;           ;           ;           ;           ;           ;
  320;           ;           ;           ;           ;           ;           ;
  321;           ;           ;           ;           ;           ;           ;
  322;           ;           ;           ;           ;           ;           ;
  323;           ;           ;           ;           ;           ;           ;
  324;           ;           ;           ;           ;           ;           ;
  325;           ;           ;           ;           ;           ;           ;
  326;           ;           ;           ;           ;           ;           ;
  327;           ;           ;           ;           ;           ;           ;
  328;           ;           ;           ;           ;           ;           ;
  329;           ;           ;           ;           ;           ;           ;
  330;           ;           ;           ;           ;           ;           ;
  331;           ;           ;           ;           ;           ;           ;
  332;           ;           ;           ;           ;           ;           ;
  333;           ;           ;           ;           ;           ;           ;
  334;           ;           ;           ;           ;           ;           ;
  335;           ;           ;           ;           ;           ;           ;
  336;           ;           ;           ;           ;           ;           ;
  337;           ;           ;           ;           ;           ;           ;
  338;           ;           ;           ;           ;           ;           ;
  339;           ;           ;           ;           ;           ;           ;
  340;           ;           ;           ;           ;           ;           ;
  341;           ;           ;           ;           ;           ;           ;
  342;           ;           ;           ;           ;           ;           ;
  343;           ;           ;           ;           ;           ;           ;
  344;           ;           ;           ;           ;           ;           ;
  345;           ;           ;           ;           ;           ;           ;
  346;           ;           ;           ;           ;           ;           ;
  347;           ;           ;           ;           ;           ;           ;
  348;           ;           ;           ;           ;           ;           ;
  349;           ;           ;           ;           ;           ;           ;
  350;           ;           ;           ;           ;           ;           ;
  351;           ;           ;           ;           ;           ;           ;
  352;           ;           ;           ;           ;           ;           ;
  353;           ;           ;           ;           ;           ;           ;
  354;           ;           ;           ;           ;           ;           ;
  355;           ;           ;           ;           ;           ;           ;
  356;           ;           ;           ;           ;           ;           ;
  357;           ;           ;           ;           ;           ;           ;
  358;           ;           ;           ;           ;           ;           ;
  359;           ;           ;           ;           ;           ;           ;
  360;           ;           ;           ;           ;           ;           ;
  361;           ;           ;           ;           ;           ;           ;
  362;           ;           ;           ;           ;           ;           ;
  363;           ;           ;           ;           ;           ;           ;
  364;           ;           ;           ;           ;           ;           ;
  365;           ;           ;           ;           ;           ;           ;
  366;           ;           ;           ;           ;           ;           ;
  367;           ;           ;           ;           ;           ;           ;
  368;           ;           ;           ;           ;           ;           ;
  369;           ;           ;           ;           ;           ;           ;
  370;           ;           ;           ;           ;           ;           ;
  371;           ;           ;           ;           ;           ;           ;
  372;           ;           ;           ;           ;           ;           ;
  373;           ;           ;           ;           ;           ;           ;
  374;           ;           ;           ;           ;           ;           ;
  375;           ;           ;           ;           ;           ;           ;
  376;           ;           ;           ;           ;           ;           ;
  377;           ;           ;           ;           ;           ;           ;
  378;           ;           ;           ;           ;           ;           ;
  379;           ;           ;           ;           ;           ;           ;
  380;           ;           ;           ;           ;           ;           ;
  381;           ;           ;           ;           ;           ;           ;
  382;           ;           ;           ;           ;           ;           ;
  383;           ;           ;           ;           ;           ;           ;
  384;           ;           ;           ;           ;           ;           ;
  385;           ;           ;           ;           ;           ;           ;
  386;           ;           ;           ;           ;           ;           ;
  387;           ;           ;           ;           ;           ;           ;
  388;           ;           ;           ;           ;           ;           ;
  389;           ;           ;           ;           ;           ;           ;
  390;           ;           ;           ;           ;           ;           ;
  391;           ;           ;           ;           ;           ;           ;
  392;           ;           ;           ;           ;           ;           ;
  393;           ;           ;           ;           ;           ;           ;
  394;           ;           ;           ;           ;           ;           ;
  395;           ;           ;           ;           ;           ;           ;
  396;           ;           ;           ;           ;           ;           ;
  397;           ;           ;           ;           ;           ;           ;
  398;           ;           ;           ;           ;           ;           ;
  399;           ;           ;           ;           ;           ;           ;
  400;           ;           ;           ;           ;           ;           ;
  401;           ;           ;           ;           ;           ;           ;
  402;           ;           ;           ;           ;           ;           ;
  403;           ;           ;           ;           ;           ;           ;
  404;           ;           ;           ;           ;           ;           ;
  405;           ;           ;           ;           ;           ;           ;
  406;           ;           ;           ;           ;           ;           ;
  407;           ;           ;           ;           ;           ;           ;
  408;           ;           ;           ;           ;           ;           ;
  409;           ;           ;           ;           ;           ;           ;
  410;           ;           ;           ;           ;           ;           ;
  411;           ;           ;           ;           ;           ;           ;
  412;           ;           ;           ;           ;           ;           ;
  413;           ;           ;           ;           ;           ;           ;
  414;           ;           ;           ;           ;           ;           ;
  415;           ;           ;           ;           ;           ;           ;
  416;           ;           ;           ;           ;           ;           ;
  417;           ;           ;           ;           ;           ;           ;
  418;           ;           ;           ;           ;           ;           ;
  419;           ;           ;           ;           ;           ;           ;
  420;           ;           ;           ;           ;           ;           ;
  421;           ;           ;           ;           ;           ;           ;
  422;           ;           ;           ;           ;           ;           ;
  423;           ;           ;           ;           ;           ;           ;
  424;           ;           ;           ;           ;           ;           ;
  425;           ;           ;           ;           ;           ;           ;
  426;           ;           ;           ;           ;           ;           ;
  427;           ;           ;           ;           ;           ;           ;
  428;           ;           ;           ;           ;           ;           ;
  429;           ;           ;           ;           ;           ;           ;
  430;           ;           ;           ;           ;           ;           ;
  431;           ;           ;           ;           ;           ;           ;
  432;           ;           ;           ;           ;           ;           ;
  433;           ;           ;           ;           ;           ;           ;
  434;           ;           ;           ;           ;           ;           ;
  435;           ;           ;           ;           ;           ;           ;
  436;           ;           ;           ;           ;           ;           ;
  437;           ;           ;           ;           ;           ;           ;
  438;           ;           ;           ;           ;           ;           ;
  439;           ;           ;           ;           ;           ;           ;
  440;           ;           ;           ;           ;           ;           ;
  441;           ;           ;           ;           ;           ;           ;
  442;           ;           ;           ;           ;           ;           ;
  443;           ;           ;           ;           ;           ;           ;
  444;           ;           ;           ;           ;           ;           ;
  445;           ;           ;           ;           ;           ;           ;
  446;           ;           ;           ;           ;           ;           ;
  447;           ;           ;           ;           ;           ;           ;
  448;           ;           ;           ;           ;           ;           ;
  449;           ;           ;           ;           ;           ;           ;
  450;           ;           ;           ;           ;           ;           ;
  451;           ;           ;           ;           ;           ;           ;
  452;           ;           ;           ;           ;           ;           ;
  453;           ;           ;           ;           ;           ;           ;
  454;           ;           ;           ;           ;           ;           ;
  455;           ;           ;           ;           ;           ;           ;
  456;           ;           ;           ;           ;           ;           ;
  457;           ;           ;           ;           ;           ;           ;
  458;           ;           ;           ;           ;           ;           ;
  459;           ;           ;           ;           ;           ;           ;
  460;           ;           ;           ;           ;           ;           ;
  461;           ;           ;           ;           ;           ;           ;
  462;           ;           ;           ;           ;           ;           ;
  463;           ;           ;           ;           ;           ;           ;
  464;           ;           ;           ;           ;           ;           ;
  465;           ;           ;           ;           ;           ;           ;
  466;           ;           ;           ;           ;           ;           ;
  467;           ;           ;           ;           ;           ;           ;
  468;           ;           ;           ;           ;           ;           ;
  469;           ;           ;           ;           ;           ;           ;
  470;           ;           ;           ;           ;           ;           ;
  471;           ;           ;           ;           ;           ;           ;
  472;           ;           ;           ;           ;           ;           ;
  473;           ;           ;           ;           ;           ;           ;
  474;           ;           ;           ;           ;           ;           ;
  475;           ;           ;           ;           ;           ;           ;
  476;           ;           ;           ;           ;           ;           ;
  477;           ;           ;           ;           ;           ;           ;
  478;           ;           ;           ;           ;           ;           ;
  479;           ;           ;           ;           ;           ;           ;
  480;           ;           ;           ;           ;           ;           ;
  481;           ;           ;           ;           ;           ;           ;
  482;           ;           ;           ;           ;           ;           ;
  483;           ;           ;           ;           ;           ;           ;
  484;           ;           ;           ;           ;           ;           ;
  485;           ;           ;           ;           ;           ;           ;
  486;           ;           ;           ;           ;           ;           ;
  487;           ;           ;           ;           ;           ;           ;
  488;           ;           ;           ;           ;           ;           ;
  489;           ;           ;           ;           ;           ;           ;
  490;           ;           ;           ;           ;           ;           ;
  491;           ;           ;           ;           ;           ;           ;
  492;           ;           ;           ;           ;           ;           ;
  493;           ;           ;           ;           ;           ;           ;
  494;           ;           ;           ;           ;           ;           ;
  495;           ;           ;           ;           ;           ;           ;
  496;           ;           ;           ;           ;           ;           ;
  497;           ;           ;           ;           ;           ;           ;
  498;           ;           ;           ;           ;           ;           ;
  499;           ;           ;           ;           ;           ;           ;
  500;           ;           ;           ;           ;           ;           ;
  501;           ;           ;           ;           ;           ;           ;
  502;           ;           ;           ;           ;           ;           ;
  503;           ;           ;           ;           ;           ;           ;
  504;           ;           ;           ;           ;           ;           ;
  505;           ;           ;           ;           ;           ;           ;
  506;           ;           ;           ;           ;           ;           ;
  507;           ;           ;           ;           ;           ;           ;
  508;           ;           ;           ;           ;           ;           ;
  509;           ;           ;           ;           ;           ;           ;
  510;           ;           ;           ;           ;           ;           ;
  511;           ;           ;           ;           ;           ;           ;
  512;           ;           ;           ;           ;           ;           ;
  513;           ;           ;           ;           ;           ;           ;
  514;           ;           ;           ;           ;           ;           ;
  515;           ;           ;           ;           ;           ;           ;
  516;           ;           ;           ;           ;           ;           ;
  517;           ;           ;           ;           ;           ;           ;
  518;           ;           ;           ;           ;           ;           ;
  519;           ;           ;           ;           ;           ;           ;
  520;           ;           ;           ;           ;           ;           ;
  521;           ;           ;           ;           ;           ;           ;
  522;           ;           ;           ;           ;           ;           ;
  523;           ;           ;           ;           ;           ;           ;
  524;           ;           ;           ;           ;           ;           ;
  525;           ;           ;           ;           ;           ;           ;
  526;           ;           ;           ;           ;           ;           ;
  527;           ;           ;           ;           ;           ;           ;
  528;           ;           ;           ;           ;           ;           ;
  529;           ;           ;           ;           ;           ;           ;
  530;           ;           ;           ;           ;           ;           ;
  531;           ;           ;           ;           ;           ;           ;
  532;           ;           ;           ;           ;           ;           ;
  533;           ;           ;           ;           ;           ;           ;
  534;           ;           ;           ;           ;           ;           ;
  535;           ;           ;           ;           ;           ;           ;
  536;           ;           ;           ;           ;           ;           ;
  537;           ;           ;           ;           ;           ;           ;
  538;           ;           ;           ;           ;           ;           ;
  539;           ;           ;           ;           ;           ;           ;
  540;           ;           ;           ;           ;           ;           ;
  541;           ;           ;           ;           ;           ;           ;
  542;           ;           ;           ;           ;           ;           ;
  543;           ;           ;           ;           ;           ;           ;
  544;           ;           ;           ;           ;           ;           ;
  545;           ;           ;           ;           ;           ;           ;
  546;           ;           ;           ;           ;           ;           ;
  547;           ;           ;           ;           ;           ;           ;
  548;           ;           ;           ;           ;           ;           ;
  549;           ;           ;           ;           ;           ;           ;
  550;           ;           ;           ;           ;           ;           ;
  551;           ;           ;           ;           ;           ;           ;
  552;           ;           ;           ;           ;           ;           ;
  553;           ;           ;           ;           ;           ;           ;
  554;           ;           ;           ;           ;           ;           ;
  555;           ;           ;           ;           ;           ;           ;
  556;           ;           ;           ;           ;           ;           ;
  557;           ;           ;           ;           ;           ;           ;
  558;           ;           ;           ;           ;           ;           ;
  559;           ;           ;           ;           ;           ;           ;
  560;           ;           ;           ;           ;           ;           ;
  561;           ;           ;           ;           ;           ;           ;
  562;           ;           ;           ;           ;           ;           ;
  563;           ;           ;           ;           ;           ;           ;
  564;           ;           ;           ;           ;           ;           ;
  565;           ;           ;           ;           ;           ;           ;
  566;           ;           ;           ;           ;           ;           ;
  567;           ;           ;           ;           ;           ;           ;
  568;           ;           ;           ;           ;           ;           ;
  569;           ;           ;           ;           ;           ;           ;
  570;           ;           ;           ;           ;           ;           ;
  571;           ;           ;           ;           ;           ;           ;
  572;           ;           ;           ;           ;           ;           ;
  573;           ;           ;           ;           ;           ;           ;
  574;           ;           ;           ;           ;           ;           ;
  575;           ;           ;           ;           ;           ;           ;
  576;           ;           ;           ;           ;           ;           ;
  577;           ;           ;           ;           ;           ;           ;
  578;           ;           ;           ;           ;           ;           ;
  579;           ;           ;           ;           ;           ;           ;
  580;           ;           ;           ;           ;           ;           ;
  581;           ;           ;           ;           ;           ;           ;
  582;           ;           ;           ;           ;           ;           ;
  583;           ;           ;           ;           ;           ;           ;
  584;           ;           ;           ;           ;           ;           ;
  585;           ;           ;           ;           ;           ;           ;
  586;           ;           ;           ;           ;           ;           ;
  587;           ;           ;           ;           ;           ;           ;
  588;           ;           ;           ;           ;           ;           ;
  589;           ;           ;           ;           ;           ;           ;
  590;           ;           ;           ;           ;           ;           ;
  591;           ;           ;           ;           ;           ;           ;
  592;           ;           ;           ;           ;           ;           ;
  593;           ;           ;           ;           ;           ;           ;
  594;           ;           ;           ;           ;           ;           ;
  595;           ;           ;           ;           ;           ;           ;
  596;           ;           ;           ;           ;           ;           ;
  597;           ;           ;           ;           ;           ;           ;
  598;           ;           ;           ;           ;           ;           ;
  599;           ;           ;           ;           ;           ;           ;
  600;           ;           ;           ;           ;           ;           ;
  601;           ;           ;           ;           ;           ;           ;
  602;           ;           ;           ;           ;           ;           ;
  603;           ;           ;           ;           ;           ;           ;
  604;           ;           ;           ;           ;           ;           ;
  605;           ;           ;           ;           ;           ;           ;
  606;           ;           ;           ;           ;           ;           ;
  607;           ;           ;           ;           ;           ;           ;
  608;           ;           ;           ;           ;           ;           ;
  609;           ;           ;           ;           ;           ;           ;
  610;           ;           ;           ;           ;           ;           ;
  611;           ;           ;           ;           ;           ;           ;
  612;           ;           ;           ;           ;           ;           ;
  613;           ;           ;           ;           ;           ;           ;
  614;           ;           ;           ;           ;           ;           ;
  615;           ;           ;           ;           ;           ;           ;
  616;           ;           ;           ;           ;           ;           ;
  617;           ;           ;           ;           ;           ;           ;
  618;           ;           ;           ;           ;           ;           ;
  619;           ;           ;           ;           ;           ;           ;
  620;           ;           ;           ;           ;           ;           ;
  621;           ;           ;           ;           ;           ;           ;
  622;           ;           ;           ;           ;           ;           ;
  623;           ;           ;           ;           ;           ;           ;
  624;           ;           ;           ;           ;           ;           ;
  625;           ;           ;           ;           ;           ;           ;
  626;           ;           ;           ;           ;           ;           ;
  627;           ;           ;           ;           ;           ;           ;
  628;           ;           ;           ;           ;           ;           ;
  629;           ;           ;           ;           ;           ;           ;
  630;           ;           ;           ;           ;           ;           ;
  631;           ;           ;           ;           ;           ;           ;
  632;           ;           ;           ;           ;           ;           ;
  633;           ;           ;           ;           ;           ;           ;
  634;           ;           ;           ;           ;           ;           ;
  635;           ;           ;           ;           ;           ;           ;
  636;           ;           ;           ;           ;           ;           ;
  637;           ;           ;           ;           ;           ;           ;
  638;           ;           ;           ;           ;           ;           ;
  639;           ;           ;           ;           ;           ;           ;
  640;           ;           ;           ;           ;           ;           ;
  641;           ;           ;           ;           ;           ;           ;
  642;           ;           ;           ;           ;           ;           ;
  643;           ;           ;           ;           ;           ;           ;
  644;           ;           ;           ;           ;           ;           ;
  645;           ;           ;           ;           ;           ;           ;
  646;           ;           ;           ;           ;           ;           ;
  647;           ;           ;           ;           ;           ;           ;
  648;           ;           ;           ;           ;           ;           ;
  649;           ;           ;           ;           ;           ;           ;
  650;           ;           ;           ;           ;           ;           ;
  651;           ;           ;           ;           ;           ;           ;
  652;           ;           ;           ;           ;           ;           ;
  653;           ;           ;           ;           ;           ;           ;
  654;           ;           ;           ;           ;           ;           ;
  655;           ;           ;           ;           ;           ;           ;
  656;           ;           ;           ;           ;           ;           ;
  657;           ;           ;           ;           ;           ;           ;
  658;           ;           ;           ;           ;           ;           ;
  659;           ;           ;           ;           ;           ;           ;
  660;           ;           ;           ;           ;           ;           ;
  661;           ;           ;           ;           ;           ;           ;
  662;           ;           ;           ;           ;           ;           ;
  663;           ;           ;           ;           ;           ;           ;
  664;           ;           ;           ;           ;           ;           ;
  665;           ;           ;           ;           ;           ;           ;
  666;           ;           ;           ;           ;           ;           ;
  667;           ;           ;           ;           ;           ;           ;
  668;           ;           ;           ;           ;           ;           ;
  669;           ;           ;           ;           ;           ;           ;
  670;           ;           ;           ;           ;           ;           ;
  671;           ;           ;           ;           ;           ;           ;
  672;           ;           ;           ;           ;           ;           ;
  673;           ;           ;           ;           ;           ;           ;
  674;           ;           ;           ;           ;           ;           ;
  675;           ;           ;           ;           ;           ;           ;
  676;           ;           ;           ;           ;           ;           ;
  677;           ;           ;           ;           ;           ;           ;
  678;           ;           ;           ;           ;           ;           ;
  679;           ;           ;           ;           ;           ;           ;
  680;           ;           ;           ;           ;           ;           ;
  681;           ;           ;           ;           ;           ;           ;
  682;           ;           ;           ;           ;           ;           ;
  683;           ;           ;           ;           ;           ;           ;
  684;           ;           ;           ;           ;           ;           ;
  685;           ;           ;           ;           ;           ;           ;
  686;           ;           ;           ;           ;           ;           ;
  687;           ;           ;           ;           ;           ;           ;
  688;           ;           ;           ;           ;           ;           ;
  689;           ;           ;           ;           ;           ;           ;
  690;           ;           ;           ;           ;           ;           ;
  691;           ;           ;           ;           ;           ;           ;
  692;           ;           ;           ;           ;           ;           ;
  693;           ;           ;           ;           ;           ;           ;
  694;           ;           ;           ;           ;           ;           ;
  695;           ;           ;           ;           ;           ;           ;
  696;           ;           ;           ;           ;           ;           ;
  697;           ;           ;           ;           ;           ;           ;
  698;           ;           ;           ;           ;           ;           ;
  699;           ;           ;           ;           ;           ;           ;
  700;           ;           ;           ;           ;           ;           ;
  701;           ;           ;           ;           ;           ;           ;
  702;           ;           ;           ;           ;           ;           ;
  703;           ;           ;           ;           ;           ;           ;
  704;           ;           ;           ;           ;           ;           ;
  705;           ;           ;           ;           ;           ;           ;
  706;           ;           ;           ;           ;           ;           ;
  707;           ;           ;           ;           ;           ;           ;
  708;           ;           ;           ;           ;           ;           ;
  709;           ;           ;           ;           ;           ;           ;
  710;           ;           ;           ;           ;           ;           ;
  711;           ;           ;           ;           ;           ;           ;
  712;           ;           ;           ;           ;           ;           ;
  713;           ;           ;           ;           ;           ;           ;
  714;           ;           ;           ;           ;           ;           ;
  715;           ;           ;           ;           ;           ;           ;
  716;           ;           ;           ;           ;           ;           ;
  717;           ;           ;           ;           ;           ;           ;
  718;           ;           ;           ;           ;           ;           ;
  719;           ;           ;           ;           ;           ;           ;
  720;           ;           ;           ;           ;           ;           ;
  721;           ;           ;           ;           ;           ;           ;
  722;           ;           ;           ;           ;           ;           ;
  723;           ;           ;           ;           ;           ;           ;
  724;           ;           ;           ;           ;           ;           ;
  725;           ;           ;           ;           ;           ;           ;
  726;           ;           ;           ;           ;           ;           ;
  727;           ;           ;           ;           ;           ;           ;
  728;           ;           ;           ;           ;           ;           ;
  729;           ;           ;           ;           ;           ;           ;
  730;           ;           ;           ;           ;           ;           ;
  731;           ;           ;           ;           ;           ;           ;
  732;           ;           ;           ;           ;           ;           ;
  733;           ;           ;           ;           ;           ;           ;
  734;           ;           ;           ;           ;           ;           ;
  735;           ;           ;           ;           ;           ;           ;
  736;           ;           ;           ;           ;           ;           ;
  737;           ;           ;           ;           ;           ;           ;
  738;           ;           ;           ;           ;           ;           ;
  739;           ;           ;           ;           ;           ;           ;
  740;           ;           ;           ;           ;           ;           ;
  741;           ;           ;           ;           ;           ;           ;
  742;           ;           ;           ;           ;           ;           ;
  743;           ;           ;           ;           ;           ;           ;
  744;           ;           ;           ;           ;           ;           ;
  745;           ;           ;           ;           ;           ;           ;
  746;           ;           ;           ;           ;           ;           ;
  747;           ;           ;           ;           ;           ;           ;
  748;           ;           ;           ;           ;           ;           ;
